,coefficients,p-values
const,-0.001326001331413848,0.994018385267485
Finance_Secure_2019,0.1580524313454541,0.4544969822007703
Environment_2019,0.7504338495211601,0.014862923654834223
Employment_2019,-0.13297277982289002,0.6202239746898908
Healthy_2019,-0.2990463864369733,0.21040059762690327
Safety_2019,0.06514933209393065,0.763905621126437
Decent_Home_2019,0.4781684161668446,0.08462993236015333
Connections_2019,-0.37170411650566615,0.19762257806380817
