,coefficients,p-values
const,-0.0027177768908338146,0.9812109121535788
Finance_Secure_2022,0.519468090403878,0.0006218990786545707
Environment_2022,-0.16176165046040614,0.26285253674514203
Employment_2022,-0.326716032667263,0.0207498662153936
Healthy_2022,-0.26987723758703197,0.033856858463889646
Safety_2022,0.03336555251461747,0.8179933101237794
Decent_Home_2022,0.31610555927048073,0.01568563314371542
Connections_2022,-0.41930058495929357,0.0017431699129530833
