,coefficients,p-values
const,0.0002182408137468457,0.998278524694846
Finance_Secure_2021,0.22054381940230178,0.0873002886122895
Environment_2021,-0.42495602978605423,0.0020492274570817915
Employment_2021,-0.6020406858925176,9.274668074783067e-05
Healthy_2021,0.1916014494664531,0.10310763962010223
Safety_2021,0.2906127965802046,0.03271963183469245
Decent_Home_2021,-0.2576185944830901,0.028155181573336772
Connections_2021,0.07569952128143526,0.5302234113650233
