,coefficients,p-values
const,-0.005016817024811326,0.9773036743315207
Finance_Secure_2020,-0.4204082978474705,0.09411709207049107
Environment_2020,0.2696848586054927,0.24034310227912856
Employment_2020,0.3204065315556764,0.30340180618918844
Healthy_2020,-0.12244605632431134,0.5880978874295025
Safety_2020,0.2245476287687087,0.328231171627699
Decent_Home_2020,0.19846618758404733,0.32128785700118245
Connections_2020,0.1524772846805339,0.47982369172823125
