,coefficients,p-values
const,0.002864823969706054,0.9843489556073854
Finance_Secure_2018,0.1147312668128021,0.5397968540276874
Environment_2018,-0.207169852672554,0.3733252496808046
Employment_2018,-0.008225368849593618,0.9686921376889509
Healthy_2018,-0.1883984657372612,0.3322584480800572
Safety_2018,0.009374430037537712,0.9650999331862944
Decent_Home_2018,0.3523494889309331,0.04123633137831554
Connections_2018,-0.5447436509945036,0.034535198066383346
