,feature_2022,VIF_2022
0,const,1.0
1,Finance_Secure,1.5274131180495278
2,Environment,1.5080081626411987
3,Employment,1.6486032953173038
4,Healthy,1.2758648784545241
5,Safety,1.6407066277199183
6,Decent_Home,1.213356498633793
7,Connections,1.4097726079944994
