,feature_2022,VIF_2022
0,const,1.0
1,Finance_Secure,1.3832873057118285
2,Environment,1.5383195582026492
3,Employment,1.6816267239873754
4,Healthy,1.1990030950154522
5,Safety,1.562159114760069
6,Decent_Home,1.1911011774515592
7,Connections,1.3699411114456201
