,feature_18_22,VIF_18_22
0,const,1.0
1,Finance_Secure,1.3366192097619292
2,Environment,1.5260390992618171
3,Employment,1.3354285428302715
4,Healthy,1.1026365346316902
5,Safety,1.5767543937252708
6,Decent_Home,1.1328565726092037
7,Connections,1.0864704802937435
