,feature_2022,VIF_2022
0,const,1.0
1,Finance_Secure,1.3366192097619294
2,Environment,1.5260390992618174
3,Employment,1.3354285428302715
4,Healthy,1.10263653463169
5,Safety,1.5767543937252708
6,Decent_Home,1.1328565726092037
7,Connections,1.0864704802937435
